location,date,total_cases,total_deaths,DeathPercentage
Canada,4/30/2021,1228367,24220,1.971723434
United States,4/30/2021,32346971,576232,1.781409456
Canada,4/29/2021,1220108,24165,1.980562376
United States,4/29/2021,32289049,575194,1.781390341
Canada,4/28/2021,1210918,24110,1.991051417
United States,4/28/2021,32230850,574340,1.781957348
Canada,4/27/2021,1202672,24048,1.999547674
United States,4/27/2021,32175725,573381,1.782029776
Canada,4/26/2021,1195827,24011,2.007899136
United States,4/26/2021,32124869,572740,1.782855519
Canada,4/25/2021,1186991,23950,2.017706958
United States,4/25/2021,32077178,572266,1.784028508
Canada,4/24/2021,1180065,23912,2.026329058
United States,4/24/2021,32045113,571987,1.784942996
Canada,4/23/2021,1172697,23870,2.0354789
United States,4/23/2021,31991750,571263,1.78565724
Canada,4/22/2021,1164108,23810,2.045342872
United States,4/22/2021,31929351,570499,1.786754137
Canada,4/21/2021,1155053,23761,2.057135041
United States,4/21/2021,31862094,569555,1.787562989
Canada,4/20/2021,1146817,23698,2.06641513
United States,4/20/2021,31799237,568711,1.788442282
Canada,4/19/2021,1139591,23649,2.075218214
United States,4/19/2021,31737964,567886,1.789295621
Canada,4/18/2021,1129371,23611,2.09063275
United States,4/18/2021,31670031,567404,1.791611761
Canada,4/17/2021,1121162,23572,2.102461553
United States,4/17/2021,31628013,567086,1.79298649
Canada,4/16/2021,1113837,23531,2.112607141
United States,4/16/2021,31575640,566405,1.793803704
Canada,4/15/2021,1104508,23482,2.126014479
United States,4/15/2021,31495649,565539,1.795609927
Canada,4/14/2021,1094899,23428,2.139740743
United States,4/14/2021,31421360,564646,1.797013242
Canada,4/13/2021,1085905,23370,2.152121963
United States,4/13/2021,31345985,563688,1.798278153
Canada,4/12/2021,1078482,23336,2.163782057
United States,4/12/2021,31268107,562861,1.800112172
Canada,4/11/2021,1067764,23294,2.181568212
United States,4/11/2021,31197877,562390,1.802654713
Canada,4/10/2021,1060052,23270,2.195175331
United States,4/10/2021,31151497,562101,1.804410876
Canada,4/9/2021,1052560,23236,2.207570115
United States,4/9/2021,31084962,561388,1.805979367
Canada,4/8/2021,1043478,23196,2.222950556
United States,4/8/2021,31002264,560508,1.807958283
Canada,4/7/2021,1035242,23160,2.237158075
United States,4/7/2021,30922386,559496,1.80935585
Canada,4/6/2021,1027854,23132,2.250514178
United States,4/6/2021,30847348,556910,1.805373998
Canada,4/5/2021,1017130,23083,2.269424754
United States,4/5/2021,30786804,556056,1.806150453
Canada,4/4/2021,1008808,23060,2.285866091
United States,4/4/2021,30709125,555543,1.809048613
Canada,4/3/2021,1005296,23038,2.291663351
United States,4/3/2021,30674153,555254,1.810168972
Canada,4/2/2021,998208,23011,2.305230974
United States,4/2/2021,30611086,554520,1.811500579
Canada,4/1/2021,994549,22998,2.312404919
United States,4/1/2021,30541255,553570,1.812531934
Canada,3/31/2021,988808,22960,2.321987686
United States,3/31/2021,30462210,552495,1.813706228
Canada,3/30/2021,980080,22892,2.335727696
United States,3/30/2021,30395171,551407,1.814126987
Canada,3/29/2021,976327,22871,2.342555312
United States,3/29/2021,30333922,550525,1.814882362
Canada,3/28/2021,970065,22855,2.356027689
United States,3/28/2021,30264493,549816,1.816703158
Canada,3/27/2021,965882,22830,2.363642764
United States,3/27/2021,30221396,549294,1.817566601
Canada,3/26/2021,961567,22809,2.372065597
United States,3/26/2021,30158696,548507,1.818735797
Canada,3/25/2021,956542,22771,2.380554121
United States,3/25/2021,30081375,547356,1.819584377
Canada,3/24/2021,951438,22739,2.389961301
United States,3/24/2021,30013910,545946,1.818976601
Canada,3/23/2021,947489,22715,2.39738931
United States,3/23/2021,29926950,544434,1.819209776
Canada,3/22/2021,943920,22695,2.404335113
United States,3/22/2021,29873347,543558,1.81954168
Canada,3/21/2021,939057,22656,2.412633099
United States,3/21/2021,29821754,542839,1.820278579
Canada,3/20/2021,935932,22635,2.41844493
United States,3/20/2021,29787986,542400,1.820868319
Canada,3/19/2021,932515,22605,2.424089693
United States,3/19/2021,29732612,541658,1.821763927
Canada,3/18/2021,928283,22577,2.432124686
United States,3/18/2021,29670983,540511,1.821682146
Canada,3/17/2021,924670,22543,2.437950837
United States,3/17/2021,29610445,538847,1.819786903
Canada,3/16/2021,921263,22509,2.443276241
United States,3/16/2021,29551309,537615,1.819259512
Canada,3/15/2021,918406,22484,2.448154738
United States,3/15/2021,29497352,536438,1.818597141
Canada,3/14/2021,914595,22455,2.455185082
United States,3/14/2021,29440686,535682,1.819529613
Canada,3/13/2021,911884,22426,2.459304034
United States,3/13/2021,29402465,535102,1.819922241
Canada,3/12/2021,908854,22397,2.4643122
United States,3/12/2021,29349533,534106,1.819810898
Canada,3/11/2021,905339,22367,2.470566274
United States,3/11/2021,29288010,532536,1.818273075
Canada,3/10/2021,902234,22330,2.474967691
United States,3/10/2021,29225536,530969,1.816798159
Canada,3/9/2021,899175,22302,2.480273584
United States,3/9/2021,29167616,529398,1.815019781
Canada,3/8/2021,896247,22271,2.484917662
United States,3/8/2021,29109974,527591,1.812406291
Canada,3/7/2021,892199,22234,2.492044936
United States,3/7/2021,29064938,526851,1.812668584
Canada,3/6/2021,889551,22212,2.496990055
United States,3/6/2021,29023931,526153,1.812824734
Canada,3/5/2021,886782,22183,2.50151672
United States,3/5/2021,28965728,524647,1.81126813
Canada,3/4/2021,883815,22152,2.506406884
United States,3/4/2021,28899277,522862,1.809256335
Canada,3/3/2021,880835,22105,2.509550597
United States,3/3/2021,28831226,520924,1.806804886
Canada,3/2/2021,878051,22043,2.510446432
United States,3/2/2021,28764033,518433,1.802365475
Canada,3/1/2021,875388,22014,2.514770593
United States,3/1/2021,28706973,516483,1.799155209
Canada,2/28/2021,871694,21990,2.522674241
United States,2/28/2021,28648744,514964,1.797509866
Canada,2/27/2021,869347,21961,2.526148937
United States,2/27/2021,28597387,513870,1.796912424
Canada,2/26/2021,866667,21915,2.528652874
United States,2/26/2021,28532812,512355,1.795669491
Canada,2/25/2021,863495,21868,2.532498741
United States,2/25/2021,28455466,510287,1.793282879
Canada,2/24/2021,860348,21810,2.535020713
United States,2/24/2021,28377965,507841,1.78956102
Canada,2/23/2021,857403,21761,2.538013046
United States,2/23/2021,28303233,504663,1.783057787
Canada,2/22/2021,854190,21720,2.542759808
United States,2/22/2021,28230970,502389,1.779566908
Canada,2/21/2021,850737,21675,2.547790915
United States,2/21/2021,28174750,501066,1.778422169
Canada,2/20/2021,848330,21631,2.549833202
United States,2/20/2021,28117670,499819,1.777597504
Canada,2/19/2021,845673,21581,2.551932012
United States,2/19/2021,28046145,498001,1.775648668
Canada,2/18/2021,842590,21509,2.552724338
United States,2/18/2021,27966848,495370,1.771275762
Canada,2/17/2021,839155,21439,2.554831944
United States,2/17/2021,27896924,492851,1.766685818
Canada,2/16/2021,836594,21395,2.557393431
United States,2/16/2021,27826806,490446,1.762494769
Canada,2/15/2021,832375,21298,2.558702508
United States,2/15/2021,27764087,488698,1.760180337
Canada,2/14/2021,830612,21261,2.559678887
United States,2/14/2021,27709901,487740,1.760165076
Canada,2/13/2021,828408,21238,2.563712567
United States,2/13/2021,27644880,486579,1.760105307
Canada,2/12/2021,824611,21168,2.567028575
United States,2/12/2021,27557758,484381,1.757693786
Canada,2/11/2021,821932,21089,2.565784031
United States,2/11/2021,27458120,481452,1.753404822
Canada,2/10/2021,818755,21007,2.565724789
United States,2/10/2021,27352360,478245,1.748459731
Canada,2/9/2021,815487,20914,2.564602501
United States,2/9/2021,27257183,474935,1.742421438
Canada,2/8/2021,812804,20830,2.562733451
United States,2/8/2021,27161551,471861,1.73723879
Canada,2/7/2021,809001,20760,2.566127854
United States,2/7/2021,27071236,470244,1.737061433
Canada,2/6/2021,805794,20700,2.56889478
United States,2/6/2021,26981588,468808,1.73751078
Canada,2/5/2021,802530,20607,2.567754476
United States,2/5/2021,26877601,466167,1.734407025
Canada,2/4/2021,798394,20486,2.565901046
United States,2/4/2021,26743204,462479,1.729332805
Canada,2/3/2021,794412,20361,2.563027749
United States,2/3/2021,26619229,458743,1.723351942
Canada,2/2/2021,791145,20242,2.558570174
United States,2/2/2021,26497588,454837,1.716522274
Canada,2/1/2021,788197,20145,2.555833123
United States,2/1/2021,26382255,451408,1.711028871
Canada,1/31/2021,783695,20041,2.557244847
United States,1/31/2021,26247053,449341,1.711967435
Canada,1/30/2021,779762,19958,2.559498924
United States,1/30/2021,26135056,447490,1.712221317
Canada,1/29/2021,775652,19825,2.55591425
United States,1/29/2021,25992744,444704,1.710877466
Canada,1/28/2021,770825,19676,2.552589758
United States,1/28/2021,25826176,441070,1.707840913
Canada,1/27/2021,766019,19485,2.543670588
United States,1/27/2021,25657566,437033,1.703329926
Canada,1/26/2021,761699,19392,2.545887549
United States,1/26/2021,25503621,433073,1.698084362
Canada,1/25/2021,757658,19245,2.540064251
United States,1/25/2021,25356081,429066,1.692162129
Canada,1/24/2021,752041,19119,2.542281604
United States,1/24/2021,25204112,427093,1.694536987
Canada,1/23/2021,747362,18992,2.541204931
United States,1/23/2021,25073050,425194,1.695820812
Canada,1/22/2021,742268,18887,2.544498752
United States,1/22/2021,24902437,421849,1.694006896
Canada,1/21/2021,736441,18706,2.540054125
United States,1/21/2021,24711684,418004,1.691523734
Canada,1/20/2021,730330,18567,2.54227541
United States,1/20/2021,24517866,413800,1.687748844
Canada,1/19/2021,724629,18382,2.53674639
United States,1/19/2021,24334630,409392,1.682343229
Canada,1/18/2021,719601,18231,2.533487308
United States,1/18/2021,24157924,406660,1.683340009
Canada,1/17/2021,713181,18106,2.538766456
United States,1/17/2021,24014508,405125,1.687001041
Canada,1/16/2021,706897,17978,2.543227656
United States,1/16/2021,23836726,403228,1.691624932
Canada,1/15/2021,700538,17856,2.548898133
United States,1/15/2021,23635046,399824,1.69165738
Canada,1/14/2021,693658,17686,2.549671452
United States,1/14/2021,23392315,395932,1.692572967
Canada,1/13/2021,686211,17539,2.555919389
United States,1/13/2021,23156608,391946,1.692588137
Canada,1/12/2021,679072,17359,2.556282692
United States,1/12/2021,22926246,387917,1.69202145
Canada,1/11/2021,672931,17199,2.555834105
United States,1/11/2021,22699326,383443,1.689226367
Canada,1/10/2021,664606,17074,2.569040905
United States,1/10/2021,22484332,381340,1.696025481
Canada,1/9/2021,657323,16984,2.583813437
United States,1/9/2021,22271084,379341,1.703289341
Canada,1/8/2021,648930,16846,2.595965667
United States,1/8/2021,22010389,376020,1.708375077
Canada,1/7/2021,639693,16704,2.611252585
United States,1/7/2021,21715174,371913,1.712687174
Canada,1/6/2021,631466,16539,2.61914339
United States,1/6/2021,21436884,367928,1.716331534
Canada,1/5/2021,623384,16389,2.62903764
United States,1/5/2021,21181440,364002,1.71849506
Canada,1/4/2021,616134,16247,2.636926383
United States,1/4/2021,20946329,360288,1.720053189
Canada,1/3/2021,606076,16006,2.640922921
United States,1/3/2021,20762047,358196,1.725244144
Canada,1/2/2021,589935,15914,2.697585327
United States,1/2/2021,20553301,356749,1.735726052
Canada,1/1/2021,585400,15806,2.700034165
United States,1/1/2021,20252991,354242,1.749084864
Canada,12/31/2020,584409,15762,2.69708372
United States,12/31/2020,20099363,352093,1.751761984
Canada,12/30/2020,577266,15650,2.711055215
United States,12/30/2020,19863696,348613,1.755025852
Canada,12/29/2020,568807,15528,2.72992421
United States,12/29/2020,19630012,344882,1.756911814
Canada,12/28/2020,560618,15328,2.734125554
United States,12/28/2020,19429760,341251,1.756331524
Canada,12/27/2020,554153,15171,2.737691576
United States,12/27/2020,19255126,339248,1.761858115
Canada,12/26/2020,544053,15051,2.766458415
United States,12/26/2020,19099491,337821,1.768743471
Canada,12/25/2020,540939,14966,2.766670549
United States,12/25/2020,18873203,335937,1.779968138
Canada,12/24/2020,539190,14902,2.763775293
United States,12/24/2020,18775557,334512,1.781635559
Canada,12/23/2020,532506,14752,2.770297424
United States,12/23/2020,18581353,331606,1.784617084
Canada,12/22/2020,525585,14607,2.779188904
United States,12/22/2020,18351735,328182,1.788288682
Canada,12/21/2020,519325,14481,2.788427285
United States,12/21/2020,18153724,324783,1.789070937
Canada,12/20/2020,511748,14374,2.808804333
United States,12/20/2020,17954675,322867,1.798233608
Canada,12/19/2020,505741,14284,2.824370577
United States,12/19/2020,17766856,321153,1.807596122
Canada,12/18/2020,499282,14180,2.840078353
United States,12/18/2020,17574950,318500,1.812238442
Canada,12/17/2020,492582,14067,2.855768177
United States,12/17/2020,17322981,315535,1.821482111
Canada,12/16/2020,485576,13911,2.86484505
United States,12/16/2020,17083256,312036,1.826560464
Canada,12/15/2020,479064,13793,2.879156021
United States,12/15/2020,16836556,308372,1.831562227
Canada,12/14/2020,472820,13677,2.892644135
United States,12/14/2020,16627550,305255,1.835838713
Canada,12/13/2020,464443,13537,2.914674137
United States,12/13/2020,16432729,303605,1.847562873
Canada,12/12/2020,458527,13453,2.933960268
United States,12/12/2020,16245026,301979,1.858901303
Canada,12/11/2020,452543,13355,2.951100779
United States,12/11/2020,16027441,299520,1.8687949
Canada,12/10/2020,445828,13227,2.966839229
United States,12/10/2020,15787464,296103,1.875557721
Canada,12/9/2020,439142,13109,2.985139203
United States,12/9/2020,15555949,293108,1.884218057
Canada,12/8/2020,432743,12993,3.00247491
United States,12/8/2020,15333410,289926,1.890812285
Canada,12/7/2020,426572,12896,3.023170766
United States,12/7/2020,15108918,287307,1.901572303
Canada,12/6/2020,418848,12775,3.05003247
United States,12/6/2020,14914060,285703,1.915662134
Canada,12/5/2020,412543,12690,3.076042982
United States,12/5/2020,14733048,284357,1.930062265
Canada,12/4/2020,406189,12616,3.105943292
United States,12/4/2020,14517506,282004,1.94250996
Canada,12/3/2020,399770,12513,3.130049779
United States,12/3/2020,14284721,279305,1.95527095
Canada,12/2/2020,393506,12423,3.157003959
United States,12/2/2020,14061108,276352,1.965364323
Canada,12/1/2020,387052,12317,3.182259748
United States,12/1/2020,13858551,273540,1.973799425
Canada,11/30/2020,381557,12239,3.207646564
United States,11/30/2020,13670332,270996,1.9823659
Canada,11/29/2020,373662,12130,3.246249284
United States,11/29/2020,13509762,269650,1.995964104
Canada,11/28/2020,368279,12056,3.273605066
United States,11/28/2020,13369528,268614,2.009150959
Canada,11/27/2020,362604,11988,3.306085978
United States,11/27/2020,13213995,267254,2.022507198
Canada,11/26/2020,356650,11902,3.337165288
United States,11/26/2020,13005807,265705,2.042972035
Canada,11/25/2020,350971,11820,3.367799619
United States,11/25/2020,12893485,264320,2.050027591
Canada,11/24/2020,346013,11762,3.399294246
United States,11/24/2020,12710198,262057,2.061785347
Canada,11/23/2020,340731,11662,3.422641321
United States,11/23/2020,12534684,259928,2.073670146
Canada,11/22/2020,333936,11583,3.468628719
United States,11/22/2020,12360235,258828,2.094037856
Canada,11/21/2020,329191,11527,3.501614564
United States,11/21/2020,12213451,257796,2.110754774
Canada,11/20/2020,324234,11461,3.534792773
United States,11/20/2020,12034177,256177,2.128745489
Canada,11/19/2020,319247,11394,3.569023358
United States,11/19/2020,11835880,254220,2.147875781
Canada,11/18/2020,314453,11324,3.601174102
United States,11/18/2020,11644332,252168,2.165585797
Canada,11/17/2020,309935,11220,3.620113895
United States,11/17/2020,11471155,250250,2.181558875
Canada,11/16/2020,305473,11152,3.650731816
United States,11/16/2020,11307233,248529,2.197964789
Canada,11/15/2020,299440,11078,3.699572535
United States,11/15/2020,11144288,247700,2.222663305
Canada,11/14/2020,295139,11013,3.731462125
United States,11/14/2020,11008064,246924,2.243119226
Canada,11/13/2020,290709,10951,3.766997238
United States,11/13/2020,10840303,245577,2.265407157
Canada,11/12/2020,285939,10905,3.813750485
United States,11/12/2020,10659914,244377,2.292485662
Canada,11/11/2020,280465,10832,3.862157488
United States,11/11/2020,10495075,243173,2.317020126
Canada,11/10/2020,276481,10769,3.895023528
United States,11/10/2020,10348449,241737,2.335973246
Canada,11/9/2020,272036,10702,3.934038142
United States,11/9/2020,10207953,240319,2.354233018
Canada,11/8/2020,267165,10641,3.982931896
United States,11/8/2020,10087380,239540,2.374650306
Canada,11/7/2020,263221,10593,4.024374955
United States,11/7/2020,9972308,238969,2.396325906
Canada,11/6/2020,258875,10546,4.073780782
United States,11/6/2020,9844858,237888,2.416368017
Canada,11/5/2020,253482,10484,4.135993877
United States,11/5/2020,9716853,236649,2.435449008
Canada,11/4/2020,250698,10444,4.165968616
United States,11/4/2020,9587499,235494,2.456261012
Canada,11/3/2020,247916,10403,4.196179351
United States,11/3/2020,9482891,234379,2.471598587
Canada,11/2/2020,243178,10345,4.254085485
United States,11/2/2020,9355775,232801,2.488313368
Canada,11/1/2020,239649,10313,4.303377022
United States,11/1/2020,9270467,232229,2.505041008
Canada,10/31/2020,237313,10276,4.330146263
United States,10/31/2020,9165619,231733,2.528285324
Canada,10/30/2020,234939,10237,4.357301257
United States,10/30/2020,9075924,230823,2.543245184
Canada,10/29/2020,231383,10192,4.404817986
United States,10/29/2020,8976684,229762,2.559542031
Canada,10/28/2020,228366,10158,4.44812275
United States,10/28/2020,8885632,228758,2.574470786
Canada,10/27/2020,225703,10120,4.483768492
United States,10/27/2020,8806228,227723,2.58593123
Canada,10/26/2020,222973,10095,4.527453997
United States,10/26/2020,8729385,226750,2.597548395
Canada,10/25/2020,218874,10057,4.594881073
United States,10/25/2020,8661982,226217,2.611607828
Canada,10/24/2020,216051,10026,4.640570976
United States,10/24/2020,8599842,225755,2.625106368
Canada,10/23/2020,214519,10004,4.663456384
United States,10/23/2020,8517113,224804,2.639438974
Canada,10/22/2020,211617,9977,4.714649579
United States,10/22/2020,8435164,223837,2.653617642
Canada,10/21/2020,209036,9946,4.758032109
United States,10/21/2020,8358864,222922,2.666893492
Canada,10/20/2020,206349,9909,4.802058648
United States,10/20/2020,8295581,221801,2.673724722
Canada,10/19/2020,204111,9891,4.845892676
United States,10/19/2020,8233610,220878,2.6826386
Canada,10/18/2020,200804,9860,4.910260752
United States,10/18/2020,8165858,220399,2.699030524
Canada,10/17/2020,197067,9836,4.991195888
United States,10/17/2020,8116518,219906,2.709363794
Canada,10/16/2020,196928,9828,4.990656484
United States,10/16/2020,8059782,219144,2.718981729
Canada,10/15/2020,194362,9796,5.040079851
United States,10/15/2020,7990636,218207,2.730783883
Canada,10/14/2020,192064,9777,5.09049067
United States,10/14/2020,7925748,217358,2.742428853
Canada,10/13/2020,189489,9752,5.146472882
United States,10/13/2020,7865983,216368,2.750679731
Canada,10/12/2020,185378,9720,5.243340634
United States,10/12/2020,7813735,215572,2.758885475
Canada,10/11/2020,184403,9708,5.264556433
United States,10/11/2020,7771893,215178,2.7686691
Canada,10/10/2020,182767,9694,5.304020967
United States,10/10/2020,7725952,214707,2.779036163
Canada,10/9/2020,180625,9668,5.352525952
United States,10/9/2020,7671034,214049,2.790353947
Canada,10/8/2020,177730,9654,5.431834806
United States,10/8/2020,7614653,213081,2.798302168
Canada,10/7/2020,175380,9636,5.494355115
United States,10/7/2020,7556060,212092,2.806912597
Canada,10/6/2020,173756,9617,5.5347729
United States,10/6/2020,7504998,211165,2.813658311
Canada,10/5/2020,171384,9599,5.600872894
United States,10/5/2020,7459742,210479,2.821531897
Canada,10/4/2020,168501,9570,5.679491516
United States,10/4/2020,7420293,209998,2.830049972
Canada,10/3/2020,166360,9526,5.72613609
United States,10/3/2020,7384578,209617,2.838577912
Canada,10/2/2020,165054,9505,5.758721388
United States,10/2/2020,7336043,208934,2.848047646
Canada,10/1/2020,162930,9407,5.773645124
United States,10/1/2020,7281081,208074,2.857734998
Canada,9/30/2020,161107,9391,5.829045293
United States,9/30/2020,7235428,207201,2.863700668
Canada,9/29/2020,158991,9373,5.89530225
United States,9/29/2020,7195994,206243,2.866080767
Canada,9/28/2020,157219,9360,5.953478905
United States,9/28/2020,7152546,205410,2.871844515
Canada,9/27/2020,155428,9343,6.011143423
United States,9/27/2020,7119311,205052,2.880222538
Canada,9/26/2020,153770,9338,6.072705989
United States,9/26/2020,7081803,204737,2.891029304
Canada,9/25/2020,152717,9332,6.110649109
United States,9/25/2020,7037151,203969,2.898459902
Canada,9/24/2020,151087,9325,6.17194067
United States,9/24/2020,6988869,203025,2.90497647
Canada,9/23/2020,149939,9317,6.213860303
United States,9/23/2020,6941758,202128,2.911769612
Canada,9/22/2020,148855,9309,6.253736858
United States,9/22/2020,6902696,201072,2.912948796
Canada,9/21/2020,147583,9300,6.301538795
United States,9/21/2020,6862834,200040,2.914830812
Canada,9/20/2020,145750,9288,6.372555746
United States,9/20/2020,6810862,199613,2.930803766
Canada,9/19/2020,144607,9286,6.421542526
United States,9/19/2020,6772447,199348,2.943515099
Canada,9/18/2020,144053,9279,6.441379215
United States,9/18/2020,6730288,198616,2.951077279
Canada,9/17/2020,142879,9267,6.485907656
United States,9/17/2020,6681004,197720,2.959435438
Canada,9/16/2020,141852,9262,6.529340439
United States,9/16/2020,6635867,196859,2.9665905
Canada,9/15/2020,140900,9257,6.569907736
United States,9/15/2020,6596849,195903,2.969645053
Canada,9/14/2020,140098,9249,6.601807306
United States,9/14/2020,6557342,194703,2.969236621
Canada,9/13/2020,138640,9236,6.66185805
United States,9/13/2020,6522914,194272,2.978300802
Canada,9/12/2020,138164,9233,6.682638024
United States,9/12/2020,6488563,193837,2.987364074
Canada,9/11/2020,137676,9231,6.704872309
United States,9/11/2020,6447501,193135,2.995501668
Canada,9/10/2020,136956,9231,6.740120915
United States,9/10/2020,6399723,191961,2.999520448
Canada,9/9/2020,136135,9223,6.77489257
United States,9/9/2020,6363650,191045,3.002129281
Canada,9/8/2020,135757,9219,6.79081005
United States,9/8/2020,6329593,189885,2.999955921
Canada,9/7/2020,134295,9212,6.859525671
United States,9/7/2020,6302200,189432,3.005807496
Canada,9/6/2020,133890,9209,6.878034207
United States,9/6/2020,6278633,189137,3.012391392
Canada,9/5/2020,133511,9207,6.896060999
United States,9/5/2020,6247464,188668,3.01991336
Canada,9/4/2020,133141,9206,6.914474129
United States,9/4/2020,6204376,187906,3.028604327
Canada,9/3/2020,132527,9205,6.94575445
United States,9/3/2020,6153983,186948,3.037837446
Canada,9/2/2020,131941,9199,6.972055692
United States,9/2/2020,6109773,185911,3.042846273
Canada,9/1/2020,131422,9197,6.998067295
United States,9/1/2020,6068759,184832,3.045630911
Canada,8/31/2020,130918,9193,7.021952673
United States,8/31/2020,6026895,183802,3.049696403
Canada,8/30/2020,129888,9185,7.071476965
United States,8/30/2020,5991507,183260,3.058662871
Canada,8/29/2020,129639,9184,7.084287907
United States,8/29/2020,5957126,182807,3.068711322
Canada,8/28/2020,129342,9181,7.098235685
United States,8/28/2020,5914395,181906,3.075648481
Canada,8/27/2020,128836,9168,7.116023472
United States,8/27/2020,5867547,180929,3.083554337
Canada,8/26/2020,128380,9164,7.138183518
United States,8/26/2020,5822167,179815,3.088454866
Canada,8/25/2020,127903,9159,7.160895366
United States,8/25/2020,5777001,178649,3.092417675
Canada,8/24/2020,127594,9154,7.174318542
United States,8/24/2020,5736641,177413,3.092628596
Canada,8/23/2020,126817,9146,7.21196685
United States,8/23/2020,5700119,176940,3.10414572
Canada,8/22/2020,126560,9142,7.223451327
United States,8/22/2020,5665887,176395,3.113281292
Canada,8/21/2020,126319,9141,7.236441074
United States,8/21/2020,5622842,175486,3.120948446
Canada,8/20/2020,125625,9127,7.265273632
United States,8/20/2020,5574013,174395,3.128715344
Canada,8/19/2020,125408,9124,7.275452922
United States,8/19/2020,5529973,173292,3.133686186
Canada,8/18/2020,125084,9118,7.289501455
United States,8/18/2020,5482614,171953,3.136332414
Canada,8/17/2020,124218,9108,7.332270685
United States,8/17/2020,5437580,170727,3.139760702
Canada,8/16/2020,124004,9106,7.343311506
United States,8/16/2020,5400904,170235,3.151972336
Canada,8/15/2020,123825,9101,7.349888956
United States,8/15/2020,5361712,169618,3.163504493
Canada,8/14/2020,123605,9095,7.358116581
United States,8/14/2020,5314791,168618,3.1726177
Canada,8/13/2020,123180,9091,7.380256535
United States,8/13/2020,5249451,167282,3.186657043
Canada,8/12/2020,122703,9085,7.404056951
United States,8/12/2020,5198137,166215,3.197587905
Canada,8/11/2020,122389,9080,7.418967391
United States,8/11/2020,5142088,164716,3.203290181
Canada,8/10/2020,122053,9074,7.434475187
United States,8/10/2020,5094087,163696,3.213451203
Canada,8/9/2020,121367,9067,7.470729276
United States,8/9/2020,5046463,163060,3.231173993
Canada,8/8/2020,121148,9064,7.48175785
United States,8/8/2020,5000709,162537,3.25027911
Canada,8/7/2020,120903,9060,7.49361058
United States,8/7/2020,4946590,161459,3.264046545
Canada,8/6/2020,120387,9055,7.52157625
United States,8/6/2020,4887293,160222,3.278338336
Canada,8/5/2020,120033,9049,7.538760174
United States,8/5/2020,4827936,158978,3.292877122
Canada,8/4/2020,119659,9043,7.557308686
United States,8/4/2020,4773479,157540,3.300318279
Canada,8/3/2020,118973,9035,7.59416002
United States,8/3/2020,4714678,156258,3.314287847
Canada,8/2/2020,118768,9032,7.604742018
United States,8/2/2020,4669149,155677,3.334162178
Canada,8/1/2020,118523,9029,7.617930697
United States,8/1/2020,4623604,155240,3.357553977
Canada,7/31/2020,118281,9025,7.630135017
United States,7/31/2020,4567420,154147,3.374925012
Canada,7/30/2020,117677,9019,7.664199461
United States,7/30/2020,4498701,152910,3.398981173
Canada,7/29/2020,117357,9006,7.674020297
United States,7/29/2020,4431244,151679,3.422943986
Canada,7/28/2020,116871,9001,7.70165396
United States,7/28/2020,4359391,150265,3.446926417
Canada,7/27/2020,116471,8991,7.719518163
United States,7/27/2020,4292934,148935,3.469305608
Canada,7/26/2020,115789,8978,7.753758993
United States,7/26/2020,4236083,147809,3.489284794
Canada,7/25/2020,115470,8974,7.771715597
United States,7/25/2020,4181308,147278,3.522294937
Canada,7/24/2020,115115,8970,7.792207792
United States,7/24/2020,4116393,146348,3.555248491
Canada,7/23/2020,114398,8966,7.837549608
United States,7/23/2020,4043070,145241,3.592344431
Canada,7/22/2020,113790,8958,7.87239652
United States,7/22/2020,3974630,144171,3.62728103
Canada,7/21/2020,113473,8954,7.890863906
United States,7/21/2020,3904066,142947,3.661490354
Canada,7/20/2020,112938,8947,7.922045724
United States,7/20/2020,3839546,141856,3.694603477
Canada,7/19/2020,112168,8943,7.972862135
United States,7/19/2020,3777456,141293,3.74042742
Canada,7/18/2020,111875,8939,7.990167598
United States,7/18/2020,3716980,140813,3.788371205
Canada,7/17/2020,111559,8936,8.010111242
United States,7/17/2020,3654445,139956,3.829747061
Canada,7/16/2020,111144,8926,8.031022817
United States,7/16/2020,3582184,139032,3.881207665
Canada,7/15/2020,110693,8914,8.052903074
United States,7/15/2020,3506364,138076,3.937868402
Canada,7/14/2020,110350,8900,8.065246942
United States,7/14/2020,3438244,137101,3.987529681
Canada,7/13/2020,109984,8895,8.087540006
United States,7/13/2020,3370208,136173,4.040492456
Canada,7/12/2020,109348,8887,8.127263416
United States,7/12/2020,3311312,135728,4.098919099
Canada,7/11/2020,109150,8882,8.137425561
United States,7/11/2020,3252874,135256,4.158046085
Canada,7/10/2020,108984,8879,8.147067459
United States,7/10/2020,3192841,134528,4.213426224
Canada,7/9/2020,108656,8865,8.158776322
United States,7/9/2020,3124786,133711,4.279045029
Canada,7/8/2020,108334,8855,8.173795854
United States,7/8/2020,3062290,132691,4.333064471
Canada,7/7/2020,108023,8843,8.186219601
United States,7/7/2020,3002171,131866,4.392354733
Canada,7/6/2020,107815,8836,8.195520104
United States,7/6/2020,2941517,130704,4.443421541
Canada,7/5/2020,107394,8823,8.215542768
United States,7/5/2020,2898432,130328,4.496500177
Canada,7/4/2020,107185,8821,8.229696319
United States,7/4/2020,2847664,130002,4.565215559
Canada,7/3/2020,106962,8813,8.239374731
United States,7/3/2020,2801983,129687,4.628400672
Canada,7/2/2020,106643,8806,8.257457123
United States,7/2/2020,2750622,129017,4.690466375
Canada,7/1/2020,106288,8790,8.269983441
United States,7/1/2020,2693993,128304,4.762595894
Canada,6/30/2020,106097,8780,8.275446054
United States,6/30/2020,2642174,127600,4.829356431
Canada,6/29/2020,105830,8768,8.284985354
United States,6/29/2020,2595744,127047,4.89443489
Canada,6/28/2020,105193,8749,8.317093343
United States,6/28/2020,2554461,126662,4.958462862
Canada,6/27/2020,104878,8739,8.332538759
United States,6/27/2020,2513731,126344,5.02615435
Canada,6/26/2020,104629,8730,8.343767024
United States,6/26/2020,2472385,125841,5.089862623
Canada,6/25/2020,104463,8723,8.350324995
United States,6/25/2020,2426391,125212,5.160421383
Canada,6/24/2020,104087,8700,8.358392499
United States,6/24/2020,2386074,124675,5.22511037
Canada,6/23/2020,103767,8670,8.355257452
United States,6/23/2020,2350198,123938,5.273513125
Canada,6/22/2020,103418,8646,8.360246766
United States,6/22/2020,2313123,123190,5.325700363
Canada,6/21/2020,103078,8626,8.368420031
United States,6/21/2020,2280971,122783,5.382926832
Canada,6/20/2020,102762,8609,8.377610401
United States,6/20/2020,2255823,122466,5.428883383
Canada,6/19/2020,102314,8580,8.385949137
United States,6/19/2020,2223553,121907,5.482531786
Canada,6/18/2020,101877,8555,8.397381156
United States,6/18/2020,2191991,121278,5.532778191
Canada,6/17/2020,101491,8542,8.416509838
United States,6/17/2020,2163465,120589,5.573882637
Canada,6/16/2020,101087,8521,8.429372719
United States,6/16/2020,2136401,119850,5.609901886
Canada,6/15/2020,100763,8497,8.432658813
United States,6/15/2020,2112731,119036,5.634224139
Canada,6/14/2020,100404,8489,8.454842437
United States,6/14/2020,2092912,118640,5.668656876
Canada,6/13/2020,100043,8470,8.466359465
United States,6/13/2020,2073964,118295,5.703811638
Canada,6/12/2020,99595,8442,8.476329133
United States,6/12/2020,2048756,117560,5.738116203
Canada,6/11/2020,99159,8413,8.484353412
United States,6/11/2020,2023890,116731,5.767655357
Canada,6/10/2020,98720,8382,8.490680713
United States,6/10/2020,2000757,115901,5.792857403
Canada,6/9/2020,98241,8347,8.496452601
United States,6/9/2020,1979647,115025,5.810379325
Canada,6/8/2020,97779,8313,8.501825545
United States,6/8/2020,1961263,114112,5.81829158
Canada,6/7/2020,97178,8269,8.50912758
United States,6/7/2020,1943626,113605,5.845003102
Canada,6/6/2020,96475,8228,8.528634361
United States,6/6/2020,1925710,113146,5.875547201
Canada,6/5/2020,95947,8166,8.510948753
United States,6/5/2020,1904550,112504,5.907117167
Canada,6/4/2020,95269,8126,8.529532167
United States,6/4/2020,1879150,111613,5.939547136
Canada,6/3/2020,94641,8062,8.518506778
United States,6/3/2020,1857511,110600,5.954204309
Canada,6/2/2020,93960,8008,8.522775649
United States,6/2/2020,1837656,109590,5.963575337
Canada,6/1/2020,93288,7952,8.524140297
United States,6/1/2020,1816154,108609,5.980164678
Canada,5/31/2020,92479,7906,8.548967874
United States,5/31/2020,1798718,107833,5.994991989
Canada,5/30/2020,91681,7857,8.569932701
United States,5/30/2020,1779731,107218,6.024393574
Canada,5/29/2020,90909,7797,8.576708577
United States,5/29/2020,1756098,106264,6.051142932
Canada,5/28/2020,89976,7717,8.576731573
United States,5/28/2020,1731625,105131,6.071233668
Canada,5/27/2020,88989,7606,8.547123802
United States,5/27/2020,1709303,104030,6.086106442
Canada,5/26/2020,88090,7512,8.527642184
United States,5/26/2020,1690754,102568,6.066405876
Canada,5/25/2020,87119,7420,8.517085825
United States,5/25/2020,1671104,101891,6.097226744
Canada,5/24/2020,86106,7326,8.508117901
United States,5/24/2020,1652431,101299,6.130301356
Canada,5/23/2020,85151,7238,8.500193773
United States,5/23/2020,1632364,100660,6.166516782
Canada,5/22/2020,83947,7144,8.510131392
United States,5/22/2020,1611253,99571,6.179724724
Canada,5/21/2020,82742,7046,8.515626888
United States,5/21/2020,1587596,98354,6.195152923
Canada,5/20/2020,81575,6950,8.519767086
United States,5/20/2020,1561830,97169,6.221483772
Canada,5/19/2020,80493,6828,8.482725206
United States,5/19/2020,1539133,95668,6.215707155
Canada,5/18/2020,79411,6753,8.503859667
United States,5/18/2020,1518126,94212,6.205809004
Canada,5/17/2020,78332,6661,8.503548997
United States,5/17/2020,1495736,92985,6.216671926
Canada,5/16/2020,77206,6571,8.510996555
United States,5/16/2020,1477373,92164,6.238370405
Canada,5/15/2020,75959,6452,8.494056004
United States,5/15/2020,1453214,90966,6.25964242
Canada,5/14/2020,74781,6331,8.466054212
United States,5/14/2020,1428467,89298,6.251316971
Canada,5/13/2020,73568,6210,8.441170074
United States,5/13/2020,1401649,87502,6.242789743
Canada,5/12/2020,72419,6107,8.432869827
United States,5/12/2020,1381241,85775,6.209995214
Canada,5/11/2020,71264,5956,8.35765604
United States,5/11/2020,1358293,84176,6.19719015
Canada,5/10/2020,70091,5822,8.306344609
United States,5/10/2020,1339022,83134,6.208561174
Canada,5/9/2020,68918,5704,8.27650251
United States,5/9/2020,1320155,82156,6.223208638
Canada,5/8/2020,67674,5540,8.186304932
United States,5/8/2020,1295019,80688,6.230642176
Canada,5/7/2020,66201,5387,8.137339315
United States,5/7/2020,1268180,78925,6.223485625
Canada,5/6/2020,64694,5240,8.099669212
United States,5/6/2020,1240769,76996,6.205506424
Canada,5/5/2020,63215,5081,8.037649292
United States,5/5/2020,1216209,74682,6.140556434
Canada,5/4/2020,61957,4911,7.926465129
United States,5/4/2020,1191678,72440,6.078823306
Canada,5/3/2020,60504,4669,7.716845167
United States,5/3/2020,1167593,71061,6.086110485
Canada,5/2/2020,57926,4529,7.81859614
United States,5/2/2020,1143296,69871,6.111365736
Canada,5/1/2020,56343,4381,7.775588804
United States,5/1/2020,1115946,68140,6.10603022
Canada,4/30/2020,54457,4179,7.67394458
United States,4/30/2020,1081020,66231,6.126713659
Canada,4/29/2020,52865,4000,7.566442826
United States,4/29/2020,1051800,64036,6.088229701
Canada,4/28/2020,51150,3756,7.343108504
United States,4/28/2020,1025362,61618,6.009389855
Canada,4/27/2020,49616,3559,7.173089326
United States,4/27/2020,1000785,59394,5.934741228
Canada,4/26/2020,48033,3374,7.024337435
United States,4/26/2020,977082,57886,5.924374822
Canada,4/25/2020,46371,3217,6.937525609
United States,4/25/2020,950581,56487,5.942365774
Canada,4/24/2020,44919,3030,6.745475189
United States,4/24/2020,920185,54776,5.95271603
Canada,4/23/2020,43299,2850,6.582138156
United States,4/23/2020,887858,52588,5.923019222
Canada,4/22/2020,41663,2679,6.430165855
United States,4/22/2020,854288,50132,5.868278613
Canada,4/21/2020,39402,2484,6.304248515
United States,4/21/2020,825429,47672,5.775421023
Canada,4/20/2020,37658,2291,6.083700674
United States,4/20/2020,799512,45158,5.648195399
Canada,4/19/2020,35633,2145,6.019700839
United States,4/19/2020,769684,42929,5.577483747
Canada,4/18/2020,34356,1987,5.783560368
United States,4/18/2020,743588,40958,5.508157743
Canada,4/17/2020,32814,1844,5.61955263
United States,4/17/2020,715656,38985,5.447449613
Canada,4/16/2020,30809,1718,5.576292642
United States,4/16/2020,682626,36875,5.401933123
Canada,4/15/2020,28209,1515,5.370626396
United States,4/15/2020,652611,34732,5.322006525
Canada,4/14/2020,27035,1361,5.034214907
United States,4/14/2020,627205,32120,5.121132644
Canada,4/13/2020,25680,1225,4.770249221
United States,4/13/2020,598380,29686,4.961061533
Canada,4/12/2020,24299,1095,4.506358286
United States,4/12/2020,571440,27677,4.843378132
Canada,4/11/2020,23316,986,4.228855721
United States,4/11/2020,544183,25803,4.741603468
Canada,4/10/2020,22059,867,3.930368557
United States,4/10/2020,515081,23676,4.5965586
Canada,4/9/2020,20654,771,3.732933088
United States,4/9/2020,480667,21482,4.469206332
Canada,4/8/2020,19141,648,3.385403061
United States,4/8/2020,444731,19279,4.334980022
Canada,4/7/2020,17872,581,3.250895255
United States,4/7/2020,413516,17119,4.139863996
Canada,4/6/2020,16563,520,3.139527863
United States,4/6/2020,382747,14544,3.79989915
Canada,4/5/2020,15756,435,2.760853008
United States,4/5/2020,351354,12773,3.635364903
Canada,4/4/2020,12978,360,2.773925104
United States,4/4/2020,321477,11158,3.470854836
Canada,4/3/2020,12437,277,2.227225215
United States,4/3/2020,289087,9595,3.319070038
Canada,4/2/2020,11284,224,1.985111663
United States,4/2/2020,256792,8164,3.179226767
Canada,4/1/2020,9560,175,1.830543933
United States,4/1/2020,224560,6652,2.962237264
Canada,3/31/2020,8527,152,1.782573003
United States,3/31/2020,192301,5369,2.791977161
Canada,3/30/2020,7398,125,1.68964585
United States,3/30/2020,165987,4284,2.580925012
Canada,3/29/2020,6280,96,1.52866242
United States,3/29/2020,143912,3571,2.481377508
Canada,3/28/2020,5576,82,1.470588235
United States,3/28/2020,125013,2947,2.357354835
Canada,3/27/2020,4682,66,1.409653994
United States,3/27/2020,105383,2305,2.187259805
Canada,3/26/2020,4042,57,1.410192974
United States,3/26/2020,86693,1783,2.056682777
Canada,3/25/2020,3251,42,1.291910181
United States,3/25/2020,68837,1364,1.981492511
Canada,3/24/2020,2790,33,1.182795699
United States,3/24/2020,56755,1031,1.816580037
Canada,3/23/2020,2088,29,1.388888889
United States,3/23/2020,46136,788,1.707993758
Canada,3/22/2020,1469,22,1.497617427
United States,3/22/2020,34898,596,1.70783426
Canada,3/21/2020,1277,19,1.487862177
United States,3/21/2020,26025,475,1.825168108
Canada,3/20/2020,943,15,1.590668081
United States,3/20/2020,20030,372,1.857214179
Canada,3/19/2020,800,11,1.375
United States,3/19/2020,13663,266,1.946863793
Canada,3/18/2020,657,11,1.674277017
United States,3/18/2020,9169,194,2.115825063
Canada,3/17/2020,478,6,1.255230126
United States,3/17/2020,6512,134,2.057739558
Canada,3/16/2020,415,4,0.963855422
United States,3/16/2020,4679,97,2.073092541
Canada,3/15/2020,252,1,0.396825397
United States,3/15/2020,3212,70,2.179327522
Canada,3/14/2020,198,1,0.505050505
United States,3/14/2020,2978,58,1.94761585
Canada,3/13/2020,193,1,0.518134715
United States,3/13/2020,2219,51,2.298332582
Canada,3/12/2020,117,1,0.854700855
United States,3/12/2020,1586,43,2.711223203
Canada,3/11/2020,108,1,0.925925926
United States,3/11/2020,1147,33,2.877070619
Canada,3/10/2020,79,1,1.265822785
United States,3/10/2020,782,28,3.58056266
Canada,3/9/2020,77,1,1.298701299
United States,3/9/2020,594,22,3.703703704
Canada,3/8/2020,64,0,0
United States,3/8/2020,519,21,4.046242775
Canada,3/7/2020,54,0,0
United States,3/7/2020,403,17,4.218362283
Canada,3/6/2020,49,0,0
United States,3/6/2020,237,14,5.907172996
Canada,3/5/2020,37,0,0
United States,3/5/2020,184,12,6.52173913
Canada,3/4/2020,33,0,0
United States,3/4/2020,107,11,10.28037383
Canada,3/3/2020,30,0,0
United States,3/3/2020,74,7,9.459459459
Canada,3/2/2020,27,0,0
United States,3/2/2020,55,6,10.90909091
Canada,3/1/2020,24,0,0
United States,3/1/2020,32,1,3.125
Canada,2/29/2020,20,0,0
United States,2/29/2020,25,1,4
Canada,2/28/2020,14,0,0
United States,2/28/2020,17,0,0
Canada,2/27/2020,13,0,0
United States,2/27/2020,17,0,0
Canada,2/26/2020,11,0,0
United States,2/26/2020,16,0,0
Canada,2/25/2020,11,0,0
United States,2/25/2020,16,0,0
Canada,2/24/2020,10,0,0
United States,2/24/2020,16,0,0
Canada,2/23/2020,9,0,0
United States,2/23/2020,16,0,0
Canada,2/22/2020,9,0,0
United States,2/22/2020,16,0,0
Canada,2/21/2020,9,0,0
United States,2/21/2020,16,0,0
Canada,2/20/2020,8,0,0
United States,2/20/2020,14,0,0
Canada,2/19/2020,8,0,0
United States,2/19/2020,14,0,0
Canada,2/18/2020,8,0,0
United States,2/18/2020,14,0,0
Canada,2/17/2020,8,0,0
United States,2/17/2020,14,0,0
Canada,2/16/2020,7,0,0
United States,2/16/2020,14,0,0
Canada,2/15/2020,7,0,0
United States,2/15/2020,14,0,0
Canada,2/14/2020,7,0,0
United States,2/14/2020,14,0,0
Canada,2/13/2020,7,0,0
United States,2/13/2020,14,0,0
Canada,2/12/2020,7,0,0
United States,2/12/2020,13,0,0
Canada,2/11/2020,7,0,0
United States,2/11/2020,13,0,0
Canada,2/10/2020,7,0,0
United States,2/10/2020,12,0,0
Canada,2/9/2020,7,0,0
United States,2/9/2020,12,0,0
Canada,2/8/2020,7,0,0
United States,2/8/2020,12,0,0
Canada,2/7/2020,7,0,0
United States,2/7/2020,12,0,0
Canada,2/6/2020,5,0,0
United States,2/6/2020,12,0,0
Canada,2/5/2020,5,0,0
United States,2/5/2020,11,0,0
Canada,2/4/2020,4,0,0
United States,2/4/2020,11,0,0
Canada,2/3/2020,4,0,0
United States,2/3/2020,11,0,0
Canada,2/2/2020,4,0,0
United States,2/2/2020,8,0,0
Canada,2/1/2020,4,0,0
United States,2/1/2020,8,0,0
Canada,1/31/2020,4,0,0
United States,1/31/2020,8,0,0
Canada,1/30/2020,2,0,0
United States,1/30/2020,6,0,0
Canada,1/29/2020,2,0,0
United States,1/29/2020,6,0,0
Canada,1/28/2020,2,0,0
United States,1/28/2020,5,0,0
Canada,1/27/2020,1,0,0
United States,1/27/2020,5,0,0
Canada,1/26/2020,1,0,0
United States,1/26/2020,5,0,0
United States,1/25/2020,2,0,0
United States,1/24/2020,2,0,0
United States,1/23/2020,1,0,0
United States,1/22/2020,1,0,0
